hash,author,timestamp,message
3edfd03cb73f8dfefb299fd430b41a48b0db131f,snily,2023-06-28 15:48:35+05:30,Features example.py
9f37c7df133e64bf257149128242b8f598756e88,snily,2023-06-28 11:36:18+05:30, Enhancements - Update test.txt to test.txt
ea4cc60c65d2375909389172ab8be5729675a371,snily,2023-06-28 11:29:14+05:30, Enhancements - Update test.txt
17f4a474b658046798c891bea6c8901a4e502d1c,snily,2023-06-28 11:27:54+05:30,Rename test.js to test.txt
0ef9aab81e39a2b029156814595a6b00b111ff6a,snily,2023-06-28 11:23:06+05:30,testing
4a1bf6be2fa14694ea8df11fd5636f3d2f1dc666,snily,2023-06-27 17:45:20+05:30,"Enhancements - Update dummy.txt

XYZ"
80015015b264054387baac536656c36a5eb74323,snily,2023-06-27 17:22:36+05:30,"Features: Create dummy.txt

Features added"
e1689fd23d3f54666eced3832e98eb0395511969,snily,2023-06-22 17:44:32+05:30,Add files via upload
9234d8432d536bc71c199e4622f460e7e3b439ce,snily,2023-06-22 16:37:37+05:30,Initial commit
